<?xml version="1.0" encoding="UTF-8"?>
<page version="7.0">
  <id>0000000050C9BD630150CD4B6FF9699A</id>
  <name>Busca na Rede</name>
  <parent-template-id>8A489E1F50AE95AA0150B9CE9BDA71E5</parent-template-id>
  <hidden>true</hidden>
  <layout-type>LAYOUT_FILE</layout-type>
  <layout-file>logado-internas.html</layout-file>
  <layout><![CDATA[<layout><holder id="logo"><interface id="0000000050C9BD630150CD50B649706D"/></holder><holder id="menu"><interface id="0000000050C9BD630150CD50B651706E"/></holder><holder id="busca"><interface id="0000000050C9BD630150CD50B655706F"/></holder><holder id="logout"><interface id="0000000050C9BD630150CD50B6597070"/></holder><holder id="conteudo"><interface id="0000000050C9BD630150CD52562370F8"/><interface id="0000000050C9BD630150CD50B6677072"/></holder><holder id="outras_noticias"><interface id="0000000050C9BD630150CD50B66A7073"/></holder><holder id="menu-vertical"><interface id="0000000050C9BD630150CD50B6607071"/></holder></layout>]]></layout>
  <interface-instances>
    <interface-instance>
      <id>0000000050C9BD630150CD50B649706D</id>
      <service-instance-id>0000000050A1A02C0150A1ACC6851325</service-instance-id>
      <interface-id>br.com.qualicorp.redenarede.service.login.beneficiario</interface-id>
      <parent-interface-instance-id>8A489E1F50AE95AA0150B9D7A01F1679</parent-interface-instance-id>
    </interface-instance>
    <interface-instance>
      <id>0000000050C9BD630150CD50B651706E</id>
      <service-instance-id>8A489E1F50AE95AA0150B8AD856D33B9</service-instance-id>
      <interface-id>lumis.service.hierarchicalcontent.contentMenu</interface-id>
      <parent-interface-instance-id>8A489E1F50AE95AA0150B9D7FA381694</parent-interface-instance-id>
      <applied-interface-style-id>0000000050A1A02C0150A1B7B73322FA</applied-interface-style-id>
    </interface-instance>
    <interface-instance>
      <id>0000000050C9BD630150CD50B655706F</id>
      <service-instance-id>0000000050A1A02C0150A1ACC6851326</service-instance-id>
      <interface-id>lumis.service.search.search</interface-id>
      <parent-interface-instance-id>8A489E1F50AE95AA0150B9D8399D16AF</parent-interface-instance-id>
      <applied-interface-style-id>0000000050A1A02C0150A1B5EC5F201C</applied-interface-style-id>
    </interface-instance>
    <interface-instance>
      <id>0000000050C9BD630150CD50B6597070</id>
      <service-instance-id>0000000050A1A02C0150A1ACC6851325</service-instance-id>
      <interface-id>br.com.qualicorp.redenarede.service.login.logout</interface-id>
      <parent-interface-instance-id>8A489E1F50AE95AA0150B9D854DA16B3</parent-interface-instance-id>
    </interface-instance>
    <interface-instance>
      <id>0000000050C9BD630150CD50B6607071</id>
      <service-instance-id>8A489E1F50AE95AA0150B8AD856D33C1</service-instance-id>
      <interface-id>lumis.service.link.list</interface-id>
      <parent-interface-instance-id>8A489E1F50AE95AA0150B9D72FB1165F</parent-interface-instance-id>
      <applied-interface-style-id>8A489E1F50AE95AA0150B8C171314AC5</applied-interface-style-id>
    </interface-instance>
    <interface-instance>
      <id>0000000050C9BD630150CD50B6677072</id>
      <interface-id>lumis.service.portalmanagement.serviceinterfaceinstance.interfaceHolder</interface-id>
      <parent-interface-instance-id>8A489E1F50AE95AA0150B9CE9BED71EB</parent-interface-instance-id>
      <holder-priority>1</holder-priority>
    </interface-instance>
    <interface-instance>
      <id>0000000050C9BD630150CD50B66A7073</id>
      <interface-id>lumis.service.portalmanagement.serviceinterfaceinstance.interfaceHolder</interface-id>
      <parent-interface-instance-id>0000000050C9BD630150CAE1CF091759</parent-interface-instance-id>
      <holder-priority>2</holder-priority>
    </interface-instance>
    <interface-instance>
      <id>0000000050C9BD630150CD52562370F8</id>
      <service-instance-id>0000000050C9BD630150CD52467C70EA</service-instance-id>
      <interface-id>lumis.service.html.display</interface-id>
      <custom-properties>
        <custom-property name="html"><![CDATA[<script language="javascript" type="text/javascript">
  function resizeIframe(obj) {
    obj.style.height = obj.contentWindow.document.body.scrollHeight + 'px';
  }
</script>
<p><iframe frameborder="0" height="780" onload="javascript:resizeIframe(this);" scrolling="no" src="https://wwwt.connectmed.com.br/saudewebHomologacao/redeatendimento/?codOpa=4&amp;codEpl=5038&amp;codPln=1230&amp;language=pt" width="100%"></iframe></p>
]]></custom-property>
        <custom-property name="savedOnServiceInstanceLevel"><![CDATA[false]]></custom-property>
      </custom-properties>
    </interface-instance>
  </interface-instances>
</page>