<?xml version="1.0" encoding="UTF-8" ?> 
<!-- $Revision: 16605 $ $Date: 2014-11-11 19:43:51 -0200 (Tue, 11 Nov 2014) $ -->
<serviceDefinition xmlns:xsi="http://www.w3.org/2001/XMLSchema-instance" xsi:noNamespaceSchemaLocation="http://www.lumis.com.br/lumisportal/xsd/servicedefinition.xsd">
	
	<service id="br.com.qualicorp.redenarede.service.banner" name="STR_SERVICE_NAME" type="lum_content" className="br.com.qualicorp.redenarede.service.banner.service.BannerQualicorpService">
		<description>STR_SERVICE_DESCRIPTION</description>
		<image>lumis/service/banner/image/banners.png</image>
		<smallImage>lumis/service/banner/image/banners-small.png</smallImage>
	</service>
	
	<interfaces>
		
		<interface id="administration" name="STR_ADMINISTRATION" type="lum_contentAdministrationList">
			<permissions>
				<permission id="EDIT_SERVICE_INSTANCE_CONTENT"/>
			</permissions>
		</interface>
		
		<interface id="add" name="STR_ADD" type="lum_contentAdministrationPropertyPage">
			<permissions>
				<permission id="EDIT_SERVICE_INSTANCE_CONTENT"/>
			</permissions>
			<popupWindowProperties>top=20,width=600,height=586</popupWindowProperties>
		</interface>
		
		<interface id="edit" name="STR_EDIT" type="lum_contentAdministrationPropertyPage">
			<permissions>
				<permission id="EDIT_SERVICE_INSTANCE_CONTENT"/>
			</permissions>
			<popupWindowProperties>top=20,width=600,height=586</popupWindowProperties>
		</interface>
		
		<interface id="banner" name="STR_BANNER" className="br.com.qualicorp.redenarede.service.banner.BannerDouiInterface" type="lum_contentList" >
			<previewSupported>true</previewSupported>
			<styles>
				<style id="style" name="STR_STYLE" isDefault="1" path="br/com/qualicorp/redenarede/service/banner/style/banner.xsl"/>
			</styles>
			<menu>
				<item type="lum_style" name="STR_STYLE"/>
				<item name="STR_BANNER_PROPERTIES" type="lum_addInterface">
					<interfaceId>br.com.qualicorp.redenarede.service.banner.bannerProperties</interfaceId>
				</item>
				<item type="lum_orderBy" name="STR_ORDER_BY"/>
			</menu>
		</interface>
		
		<interface id="bannerProperties" name="STR_BANNER_PROPERTIES" type="lum_doui" >
			<isRuntimeOnly>true</isRuntimeOnly>
			<popupWindowProperties>width=600,height=330</popupWindowProperties>
		</interface>
		
	</interfaces>
</serviceDefinition>