<?xml version="1.0" encoding="UTF-8"?>
<page version="7.0">
  <id>0000000050C9BD630150CD5E03C9745C</id>
  <name>Home</name>
  <position>1</position>
  <layout-type>LAYOUT_FILE</layout-type>
  <layout-file>logado-home.html</layout-file>
  <layout><![CDATA[<layout>
    <holder id="home">
        <interface id="0000000050C9BD630150CD61F85A788F"></interface>
        <interface id="0000000050C9BD630150CD618FA17887"></interface>
    </holder>
    <holder id="menu">
        <interface id="0000000050C9BD630150CD5E05057482"></interface>
    </holder>
    <holder id="busca">
        <interface id="0000000050C9BD630150CD5E05227485"></interface>
    </holder>
    <holder id="logout">
        <interface id="0000000050C9BD630150CD5E050C7483"></interface>
    </holder>
    <holder id="menu_vertical">
        <interface id="0000000050C9BD630150CD5E052A7486"></interface>
    </holder>
    <holder id="banner">
        <interface id="0000000050C9BD630150CD5E052D7487"></interface>
    </holder>
    <holder id="servicos">
        <interface id="0000000050C9BD630150CD5E0541748A"></interface>
    </holder>
    <holder id="noticias">
        <interface id="0000000050C9BD630150CD5E053F7489"></interface>
    </holder>
</layout>]]></layout>
  <interface-instances>
    <interface-instance>
      <id>0000000050C9BD630150CD5E05057482</id>
      <service-instance-id>0000000050C9BD630150CD5E03C97462</service-instance-id>
      <interface-id>lumis.service.hierarchicalcontent.contentMenu</interface-id>
      <applied-interface-style-id>0000000050A1A02C0150A1B7B73322FA</applied-interface-style-id>
    </interface-instance>
    <interface-instance>
      <id>0000000050C9BD630150CD5E050C7483</id>
      <service-instance-id>0000000050A1A02C0150A1ACC6851325</service-instance-id>
      <interface-id>br.com.qualicorp.redenarede.service.login.logout</interface-id>
    </interface-instance>
    <interface-instance>
      <id>0000000050C9BD630150CD5E05227485</id>
      <service-instance-id>0000000050A1A02C0150A1ACC6851326</service-instance-id>
      <interface-id>lumis.service.search.search</interface-id>
      <applied-interface-style-id>0000000050A1A02C0150A1B5EC5F201C</applied-interface-style-id>
    </interface-instance>
    <interface-instance>
      <id>0000000050C9BD630150CD5E052A7486</id>
      <service-instance-id>0000000050C9BD630150CD5E03C9746A</service-instance-id>
      <interface-id>lumis.service.link.list</interface-id>
      <applied-interface-style-id>8A489E1F50AE95AA0150B8C171314AC5</applied-interface-style-id>
    </interface-instance>
    <interface-instance>
      <id>0000000050C9BD630150CD5E052D7487</id>
      <service-instance-id>0000000050C9BD630150CD5E03C9745B</service-instance-id>
      <interface-id>lumis.service.banner.banner</interface-id>
      <applied-interface-style-id>0000000050C9BD630150CA2276D4352C</applied-interface-style-id>
    </interface-instance>
    <interface-instance>
      <id>0000000050C9BD630150CD5E053F7489</id>
      <service-instance-id>0000000050C9BD630150CD5E03C9745E</service-instance-id>
      <interface-id>lumis.service.news.quicklist</interface-id>
      <applied-interface-style-id>0000000050A1A02C0150A1B9642F25EB</applied-interface-style-id>
    </interface-instance>
    <interface-instance>
      <id>0000000050C9BD630150CD5E0541748A</id>
      <service-instance-id>0000000050C9BD630150CD5E03C9746A</service-instance-id>
      <interface-id>lumis.service.link.quicklist</interface-id>
      <applied-interface-style-id>0000000050C9BD630150CAAC60035C1F</applied-interface-style-id>
      <custom-properties>
        <custom-property name="default.doui_filters"><![CDATA[<filters><filter filterType="basic" id="isHighlight" fieldId="highlight" operator="equal" defaultValue="true"/></filters>]]></custom-property>
      </custom-properties>
    </interface-instance>
    <interface-instance>
      <id>0000000050C9BD630150CD618FA17887</id>
      <service-instance-id>0000000050A1A02C0150A1ACC6851325</service-instance-id>
      <interface-id>br.com.qualicorp.redenarede.service.login.homeCredenciado</interface-id>
    </interface-instance>
    <interface-instance>
      <id>0000000050C9BD630150CD61F85A788F</id>
      <service-instance-id>0000000050A1A02C0150A1ACC6851325</service-instance-id>
      <interface-id>br.com.qualicorp.redenarede.service.login.prestador</interface-id>
    </interface-instance>
  </interface-instances>
</page>