<?xml version="1.0" encoding="UTF-8"?>
<!-- $Revision: 16176 $ $Date: 2014-03-11 23:09:21 -0300 (Tue, 11 Mar 2014) $ -->
<doui:douiDefinition xmlns:xsi="http://www.w3.org/2001/XMLSchema-instance" xmlns:doui="http://www.lumis.com.br/lumisportal/xsd/doui"  xmlns:control="http://www.lumis.com.br/douicontrols">
	<service>
		<sources>
			<source id="default" type="contentTable">
				<table>qc_businesscontact</table>
				<fields>
					<field id="id" name="id" dataType="guid" required="true" isPrimaryKey="true" display="false" />
					<field id="nome" name="Nome" dataType="string" required="true" isPrimaryName="true" />
					<field id="email" name="Email" dataType="string" required="true" isIntroduction="true" />
					<field id="telefone" name="Telefone" dataType="string" required="true" />
					<field id="perfil" name="Perfil" dataType="string" required="true">
						<options>
							<option value="1">Paciente </option>
							<option value="2">Profissional da saúde</option>
							<option value="3">Empresa</option>
						</options>
					</field>
					<field id="motivo_contato" name="Assunto" dataType="string" required="true">
						<options>
							<option 	value="1">Quero elogiar</option>
					         <option 	value="2">Tenho sugestões</option>
					         <option 	value="3">Vou Reclamar</option>
					         <option 	value="4">Estou com dúvidas</option>
					         <option 	value="5">Dúvidas Smart</option>
						</options>
					</field>
					<field id="mensagem" name="Mensagem" dataType="text" required="true" />
					<field id="cpf" name="cpf" dataType="string" />
				</fields>
			</source>
			<source id="configuration">
				<dataProviderClassName>lumis.service.doui.customproperties.ServiceInstanceCustomPropertiesDataProvider</dataProviderClassName>
				<fields>
					<field id="mailTo" name="STR_EMAIL_TO" dataType="email"/>
				</fields>
			</source>
		</sources>
	</service>
	
	<interfaces>
		<interface id="administration">
			<sources>
				<source id="default">
					<fields inherit="default">
						<field id="nome" />
						<field id="email" />
						<field id="telefone" />
						<field id="perfil" name="perfil" defaultValue="0" doOptionLookup="true" required="true"/>
						<field id="motivo_contato" name="motivo_contato" defaultValue="0" doOptionLookup="true" required="true"/>
						<field id="mensagem" />
					</fields>
					<filters>
						<filter id="perfil" doLookup="true" showItems="referenced" />
						<filter id="motivo_contato" doLookup="true" showItems="referenced" />
					</filters>
				</source>
			</sources>
			<controls>
				<control:lum_form>
					<control:lum_interfaceHeader />
					<control:lum_interfaceHeaderButtons id="lumInterfaceHeaderButtons">
						<control:lum_addButton id="configuration" text="Configuração" isPrimary="true">
							<onClick type="popupRunTimeInterface">
								<interfaceId>configuration</interfaceId>
							</onClick>
						</control:lum_addButton>
						<control:lum_editButton id="editButton" text="Visualizar"/>
					</control:lum_interfaceHeaderButtons>
					<control:lum_adminList  id="adminList" />
				</control:lum_form>
			</controls>
		</interface>
		
		<interface id="addembedded">
			<processActions>
				<processAction id="commit" type="contentTableAddData" />
				<processAction id="commit" className="br.com.qualicorp.redenarede.service.businesscontact.processaction.SendEmailProcessActionHandler" />
			</processActions>
		</interface>
		
		<interface id="configuration">
			<sources>
				<source id="configuration" readData="always"/>
			</sources>
			<processActions>
				<processAction id="commit" className="lumis.service.doui.customproperties.ServiceInstanceCustomPropertiesProcessActionHandler">
					<customProperties>
						<customProperty name="mailTo" />
					</customProperties>
					<response type="doui_refreshParent"/>
					<response type="doui_message" message="STR_SUCCESS_MESSAGE"/>
				</processAction>
			</processActions>
		</interface>
		
		<interface id="edit">
			<processActions>
			</processActions>
		</interface>
	</interfaces>
	
	
</doui:douiDefinition>