<?xml version="1.0" encoding="UTF-8"?>
<service-instance version="7.0">
  <id>0000000050A1A02C0150A1ACC6851327</id>
  <name>Documentos</name>
  <description>Permite gerenciar repositório de documentos.</description>
  <service-id>lumis.service.document</service-id>
  <uses-public-file-storage>true</uses-public-file-storage>
  <access-control-list>
    <entries>
      <entry principal-id="0000000050C9BD630150CD6AE2AC0505">
        <allow-permissions>4</allow-permissions>
      </entry>
    </entries>
  </access-control-list>
</service-instance>