<?xml version="1.0" encoding="UTF-8"?>
<page version="7.0">
  <id>0000000050C9BD630150CD5E03C97466</id>
  <name>FAQ</name>
  <parent-template-id>0000000050C9BD630150CD5FF7FE7642</parent-template-id>
  <hidden>true</hidden>
  <position>1</position>
  <layout-type>LAYOUT_FILE</layout-type>
  <layout-file>logado-internas-2-colunas.html</layout-file>
  <layout><![CDATA[<layout>
    <holder id="logo">
        <interface id="0000000050C9BD630150CD612E8A779F"></interface>
    </holder>
    <holder id="menu">
        <interface id="0000000050C9BD630150CD6914970357" isNew="1"></interface>
    </holder>
    <holder id="busca">
        <interface id="0000000050C9BD630150CD612E9A77A3"></interface>
    </holder>
    <holder id="logout">
        <interface id="0000000050C9BD630150CD612EA077A4"></interface>
    </holder>
    <holder id="menu-vertical">
        <interface id="0000000050C9BD630150CD69149C0358" isNew="1"></interface>
    </holder>
    <holder id="conteudo">
        <interface id="0000000050C9BD630150CD5E086074E2"></interface>
        <interface id="0000000050C9BD630150CD612EAB77A8"></interface>
        <interface id="0000000050C9BD630150CD612EB077A9"></interface>
    </holder>
</layout>]]></layout>
  <interface-instances>
    <interface-instance>
      <id>0000000050C9BD630150CD5E086074E2</id>
      <service-instance-id>0000000050C9BD630150CD5E03C97465</service-instance-id>
      <interface-id>lumis.service.faq.list</interface-id>
      <applied-interface-style-id>8A489E1F50AE95AA0150B9ED77173054</applied-interface-style-id>
    </interface-instance>
    <interface-instance>
      <id>0000000050C9BD630150CD612E8A779F</id>
      <service-instance-id>0000000050A1A02C0150A1ACC6851325</service-instance-id>
      <interface-id>br.com.qualicorp.redenarede.service.login.prestador</interface-id>
      <parent-interface-instance-id>0000000050C9BD630150CD6055EF767F</parent-interface-instance-id>
    </interface-instance>
    <interface-instance>
      <id>0000000050C9BD630150CD612E9A77A3</id>
      <service-instance-id>0000000050A1A02C0150A1ACC6851326</service-instance-id>
      <interface-id>lumis.service.search.search</interface-id>
      <parent-interface-instance-id>0000000050C9BD630150CD5FF842764D</parent-interface-instance-id>
      <applied-interface-style-id>0000000050A1A02C0150A1B5EC5F201C</applied-interface-style-id>
    </interface-instance>
    <interface-instance>
      <id>0000000050C9BD630150CD612EA077A4</id>
      <service-instance-id>0000000050A1A02C0150A1ACC6851325</service-instance-id>
      <interface-id>br.com.qualicorp.redenarede.service.login.logout</interface-id>
      <parent-interface-instance-id>0000000050C9BD630150CD5FF847764E</parent-interface-instance-id>
    </interface-instance>
    <interface-instance>
      <id>0000000050C9BD630150CD612EAB77A8</id>
      <interface-id>lumis.service.portalmanagement.serviceinterfaceinstance.interfaceHolder</interface-id>
      <parent-interface-instance-id>0000000050C9BD630150CD5FF8507650</parent-interface-instance-id>
      <holder-priority>1</holder-priority>
    </interface-instance>
    <interface-instance>
      <id>0000000050C9BD630150CD612EB077A9</id>
      <interface-id>lumis.service.portalmanagement.serviceinterfaceinstance.interfaceHolder</interface-id>
      <parent-interface-instance-id>0000000050C9BD630150CD5FF85F7652</parent-interface-instance-id>
      <holder-priority>2</holder-priority>
    </interface-instance>
    <interface-instance>
      <id>0000000050C9BD630150CD6914970357</id>
      <service-instance-id>0000000050C9BD630150CD5E03C97462</service-instance-id>
      <interface-id>lumis.service.hierarchicalcontent.contentMenu</interface-id>
      <parent-interface-instance-id>0000000050C9BD630150CD6816C07D94</parent-interface-instance-id>
      <applied-interface-style-id>0000000050A1A02C0150A1B7B73322FA</applied-interface-style-id>
    </interface-instance>
    <interface-instance>
      <id>0000000050C9BD630150CD69149C0358</id>
      <service-instance-id>0000000050C9BD630150CD5E03C9746A</service-instance-id>
      <interface-id>lumis.service.link.list</interface-id>
      <parent-interface-instance-id>0000000050C9BD630150CD67C82F7D71</parent-interface-instance-id>
      <applied-interface-style-id>8A489E1F50AE95AA0150B8C171314AC5</applied-interface-style-id>
    </interface-instance>
  </interface-instances>
</page>