<?xml version="1.0" encoding="UTF-8" standalone="yes"?>
<!-- $Revision: 16445 $ $Date: 2014-09-18 18:21:12 -0300 (Thu, 18 Sep 2014) $ -->
<databaseDefinition xmlns:xsi="http://www.w3.org/2001/XMLSchema-instance" xsi:noNamespaceSchemaLocation="http://www.lumis.com.br/lumisportal/xsd/databasedefinition.xsd">
	
	<table name="qc_estipulante">
		<fields>
			<field name="idestipulante" type="guid" isNotNull="true" />
			<field name="nome" type="string" isNotNull="true" size="100"/>
			<field name="codigo" type="integer" isNotNull="true" size="8" />
			<field name="subestipulante" type="integer" isNotNull="true" size="10" />
		</fields>
		<constraints>
			<constraint name="qc_estipulante_PK" type="primaryKey">
				<fields>
					<field name="idEstipulante"/>
				</fields>
			</constraint>
			<constraint name="QC_ESTIPULANTE_UK1" type="unique">
				<fields>
					<field name="codigo" />
					<field name="subestipulante" />
				</fields>
			</constraint>
		</constraints>
	</table>
</databaseDefinition>