<?xml version="1.0" encoding="UTF-8"?>
<page version="7.0">
  <id>0000000050C9BD630150CD5E03C97470</id>
  <name>Busca na Rede</name>
  <parent-template-id>0000000050C9BD630150CD5FF7FE7642</parent-template-id>
  <hidden>true</hidden>
  <layout-type>LAYOUT_FILE</layout-type>
  <layout-file>logado-internas-2-colunas.html</layout-file>
  <layout><![CDATA[<layout>
    <holder id="logo">
        <interface id="0000000050C9BD630150CD612BDE7744"></interface>
    </holder>
    <holder id="menu">
        <interface id="0000000050C9BD630150CD6912970311" isNew="1"></interface>
    </holder>
    <holder id="busca">
        <interface id="0000000050C9BD630150CD612BEA7747"></interface>
    </holder>
    <holder id="logout">
        <interface id="0000000050C9BD630150CD612BF07749"></interface>
    </holder>
    <holder id="menu-vertical">
        <interface id="0000000050C9BD630150CD69129D0313" isNew="1"></interface>
    </holder>
    <holder id="conteudo">
        <interface id="0000000050C9BD630150CD5E0B6F7532"></interface>
        <interface id="0000000050C9BD630150CD612BFB774C"></interface>
        <interface id="0000000050C9BD630150CD612C02774E"></interface>
    </holder>
</layout>]]></layout>
  <interface-instances>
    <interface-instance>
      <id>0000000050C9BD630150CD5E0B6F7532</id>
      <service-instance-id>0000000050C9BD630150CD5E03C9746F</service-instance-id>
      <interface-id>lumis.service.html.display</interface-id>
      <custom-properties>
        <custom-property name="html"><![CDATA[<script language="javascript" type="text/javascript">
  function resizeIframe(obj) {
    obj.style.height = obj.contentWindow.document.body.scrollHeight + 'px';
  }
</script>
<p><iframe frameborder="0" height="780" onload="javascript:resizeIframe(this);" scrolling="no" src="https://wwwt.connectmed.com.br/saudewebHomologacao/redeatendimento/?codOpa=4&amp;codEpl=5038&amp;codPln=1230&amp;language=pt" width="100%"></iframe></p>
]]></custom-property>
        <custom-property name="savedOnServiceInstanceLevel"><![CDATA[false]]></custom-property>
      </custom-properties>
    </interface-instance>
    <interface-instance>
      <id>0000000050C9BD630150CD612BDE7744</id>
      <service-instance-id>0000000050A1A02C0150A1ACC6851325</service-instance-id>
      <interface-id>br.com.qualicorp.redenarede.service.login.prestador</interface-id>
      <parent-interface-instance-id>0000000050C9BD630150CD6055EF767F</parent-interface-instance-id>
    </interface-instance>
    <interface-instance>
      <id>0000000050C9BD630150CD612BEA7747</id>
      <service-instance-id>0000000050A1A02C0150A1ACC6851326</service-instance-id>
      <interface-id>lumis.service.search.search</interface-id>
      <parent-interface-instance-id>0000000050C9BD630150CD5FF842764D</parent-interface-instance-id>
      <applied-interface-style-id>0000000050A1A02C0150A1B5EC5F201C</applied-interface-style-id>
    </interface-instance>
    <interface-instance>
      <id>0000000050C9BD630150CD612BF07749</id>
      <service-instance-id>0000000050A1A02C0150A1ACC6851325</service-instance-id>
      <interface-id>br.com.qualicorp.redenarede.service.login.logout</interface-id>
      <parent-interface-instance-id>0000000050C9BD630150CD5FF847764E</parent-interface-instance-id>
    </interface-instance>
    <interface-instance>
      <id>0000000050C9BD630150CD612BFB774C</id>
      <interface-id>lumis.service.portalmanagement.serviceinterfaceinstance.interfaceHolder</interface-id>
      <parent-interface-instance-id>0000000050C9BD630150CD5FF8507650</parent-interface-instance-id>
      <holder-priority>1</holder-priority>
    </interface-instance>
    <interface-instance>
      <id>0000000050C9BD630150CD612C02774E</id>
      <interface-id>lumis.service.portalmanagement.serviceinterfaceinstance.interfaceHolder</interface-id>
      <parent-interface-instance-id>0000000050C9BD630150CD5FF85F7652</parent-interface-instance-id>
      <holder-priority>2</holder-priority>
    </interface-instance>
    <interface-instance>
      <id>0000000050C9BD630150CD6912970311</id>
      <service-instance-id>0000000050C9BD630150CD5E03C97462</service-instance-id>
      <interface-id>lumis.service.hierarchicalcontent.contentMenu</interface-id>
      <parent-interface-instance-id>0000000050C9BD630150CD6816C07D94</parent-interface-instance-id>
      <applied-interface-style-id>0000000050A1A02C0150A1B7B73322FA</applied-interface-style-id>
    </interface-instance>
    <interface-instance>
      <id>0000000050C9BD630150CD69129D0313</id>
      <service-instance-id>0000000050C9BD630150CD5E03C9746A</service-instance-id>
      <interface-id>lumis.service.link.list</interface-id>
      <parent-interface-instance-id>0000000050C9BD630150CD67C82F7D71</parent-interface-instance-id>
      <applied-interface-style-id>8A489E1F50AE95AA0150B8C171314AC5</applied-interface-style-id>
    </interface-instance>
  </interface-instances>
</page>