<?xml version="1.0" encoding="UTF-8"?>
<service-instance version="7.0">
  <id>0000000050C9BD630150CD5E03C9746A</id>
  <name>Serviços</name>
  <description>Permite gerenciar links no portal.</description>
  <service-id>lumis.service.link</service-id>
  <workflow>lumis.standardworkflow</workflow>
  <workflow-permissions>
    <workflow-permission principal-id="00000000C00000000000000000000003">
      <role type="allow">author</role>
      <role type="allow">chiefEditor</role>
      <role type="allow">editor</role>
    </workflow-permission>
  </workflow-permissions>
  <dependencies>
    <dependency type="document_repository">
      <service-instance-id>0000000050A1A02C0150A1ACC6851327</service-instance-id>
    </dependency>
    <dependency type="media_repository">
      <service-instance-id>0000000050A1A02C0150A1ACC6851328</service-instance-id>
    </dependency>
  </dependencies>
</service-instance>