<?xml version="1.0" encoding="UTF-8"?>
<page version="7.0">
  <id>8A489E1F50AE95AA0150B8BAE20143BE</id>
  <name>Lista</name>
  <parent-template-id>8A489E1F50AE95AA0150B9CE9BDA71E5</parent-template-id>
  <hidden>true</hidden>
  <position>1</position>
  <layout-type>LAYOUT_FILE</layout-type>
  <layout-file>logado-internas-2-colunas.html</layout-file>
  <layout><![CDATA[<layout>
    <holder id="logo">
        <interface id="8A489E1F50AE95AA0150B9DB7F3B21F2"></interface>
    </holder>
    <holder id="menu">
        <interface id="8A489E1F50AE95AA0150B9DB7F4121F4"></interface>
    </holder>
    <holder id="busca">
        <interface id="8A489E1F50AE95AA0150B9DB7F4A21F6"></interface>
    </holder>
    <holder id="logout">
        <interface id="8A489E1F50AE95AA0150B9DB7F4F21F8"></interface>
    </holder>
    <holder id="menu-vertical">
        <interface id="8A489E1F50AE95AA0150B9DB7F5421FA"></interface>
    </holder>
    <holder id="conteudo">
        <interface id="8A489E1F50AE95AA0150B9DBEC1F22A8"></interface>
        <interface id="8A489E1F50AE95AA0150B9DB7F5921FC"></interface>
    </holder>
    <holder id="outras_noticias">
        <interface id="0000000050C9BD630150CAE1FED61814"></interface>
    </holder>
</layout>]]></layout>
  <interface-instances>
    <interface-instance>
      <id>0000000050C9BD630150CAE1FED61814</id>
      <interface-id>lumis.service.portalmanagement.serviceinterfaceinstance.interfaceHolder</interface-id>
      <parent-interface-instance-id>0000000050C9BD630150CAE1CF091759</parent-interface-instance-id>
      <holder-priority>2</holder-priority>
    </interface-instance>
    <interface-instance>
      <id>8A489E1F50AE95AA0150B9DB7F3B21F2</id>
      <service-instance-id>0000000050A1A02C0150A1ACC6851325</service-instance-id>
      <interface-id>br.com.qualicorp.redenarede.service.login.beneficiario</interface-id>
      <parent-interface-instance-id>8A489E1F50AE95AA0150B9D7A01F1679</parent-interface-instance-id>
    </interface-instance>
    <interface-instance>
      <id>8A489E1F50AE95AA0150B9DB7F4121F4</id>
      <service-instance-id>8A489E1F50AE95AA0150B8AD856D33B9</service-instance-id>
      <interface-id>lumis.service.hierarchicalcontent.contentMenu</interface-id>
      <parent-interface-instance-id>8A489E1F50AE95AA0150B9D7FA381694</parent-interface-instance-id>
      <applied-interface-style-id>0000000050A1A02C0150A1B7B73322FA</applied-interface-style-id>
    </interface-instance>
    <interface-instance>
      <id>8A489E1F50AE95AA0150B9DB7F4A21F6</id>
      <service-instance-id>0000000050A1A02C0150A1ACC6851326</service-instance-id>
      <interface-id>lumis.service.search.search</interface-id>
      <parent-interface-instance-id>8A489E1F50AE95AA0150B9D8399D16AF</parent-interface-instance-id>
      <applied-interface-style-id>0000000050A1A02C0150A1B5EC5F201C</applied-interface-style-id>
    </interface-instance>
    <interface-instance>
      <id>8A489E1F50AE95AA0150B9DB7F4F21F8</id>
      <service-instance-id>0000000050A1A02C0150A1ACC6851325</service-instance-id>
      <interface-id>br.com.qualicorp.redenarede.service.login.logout</interface-id>
      <parent-interface-instance-id>8A489E1F50AE95AA0150B9D854DA16B3</parent-interface-instance-id>
    </interface-instance>
    <interface-instance>
      <id>8A489E1F50AE95AA0150B9DB7F5421FA</id>
      <service-instance-id>8A489E1F50AE95AA0150B8AD856D33C1</service-instance-id>
      <interface-id>lumis.service.link.list</interface-id>
      <parent-interface-instance-id>8A489E1F50AE95AA0150B9D72FB1165F</parent-interface-instance-id>
      <applied-interface-style-id>8A489E1F50AE95AA0150B8C171314AC5</applied-interface-style-id>
    </interface-instance>
    <interface-instance>
      <id>8A489E1F50AE95AA0150B9DB7F5921FC</id>
      <interface-id>lumis.service.portalmanagement.serviceinterfaceinstance.interfaceHolder</interface-id>
      <parent-interface-instance-id>8A489E1F50AE95AA0150B9CE9BED71EB</parent-interface-instance-id>
      <holder-priority>1</holder-priority>
    </interface-instance>
    <interface-instance>
      <id>8A489E1F50AE95AA0150B9DBEC1F22A8</id>
      <service-instance-id>8A489E1F50AE95AA0150B8BAE20143BD</service-instance-id>
      <interface-id>lumis.service.news.list</interface-id>
      <applied-interface-style-id>0000000050A1A02C0150A1C5043F2FAF</applied-interface-style-id>
    </interface-instance>
  </interface-instances>
</page>