<?xml version="1.0" encoding="UTF-8"?>
<page version="7.0">
  <id>0000000050A1A02C0150A1ACC6851336</id>
  <name>Beneficiário</name>
  <parent-template-id>0000000050A1A02C0150A1ACC6861343</parent-template-id>
  <position>1</position>
  <layout-type>LAYOUT_FILE</layout-type>
  <layout-file>deslogado-internas-2-colunas.html</layout-file>
  <layout><![CDATA[<layout>
    <holder id="menu">
        <interface id="0000000050A1A02C0150A1C8C4563A59"></interface>
    </holder>
    <holder id="busca">
        <interface id="0000000050A1A02C0150A1C8C45E3A5A"></interface>
    </holder>
    <holder id="login">
        <interface id="0000000050A1A02C0150A1C8C4643A5B"></interface>
    </holder>
    <holder id="menu-secundario">
        <interface id="0000000050A1A02C0150A1C906833B1A"></interface>
        <interface id="0000000050A1A02C0150A1C8C46A3A5C"></interface>
    </holder>
    <holder id="conteudo">
        <interface id="0000000050A1A02C0150A1C90FCC3B22"></interface>
        <interface id="0000000050A1A02C0150A1C8C46E3A5D"></interface>
    </holder>
    <holder id="WITHOUT_HOLDER_ID">
        <interface id="0000000050A1A02C0150A1C8C4733A5E"></interface>
    </holder>
</layout>]]></layout>
  <interface-instances>
    <interface-instance>
      <id>0000000050A1A02C0150A1C8C4563A59</id>
      <service-instance-id>0000000050A1A02C0150A1AF436118B2</service-instance-id>
      <interface-id>lumis.service.hierarchicalcontent.contentMenu</interface-id>
      <parent-interface-instance-id>0000000050A1A02C0150A1C73C0A3521</parent-interface-instance-id>
      <applied-interface-style-id>0000000050A1A02C0150A1B7B73322FA</applied-interface-style-id>
    </interface-instance>
    <interface-instance>
      <id>0000000050A1A02C0150A1C8C45E3A5A</id>
      <service-instance-id>0000000050A1A02C0150A1ACC6851326</service-instance-id>
      <interface-id>lumis.service.search.search</interface-id>
      <parent-interface-instance-id>0000000050A1A02C0150A1C75B1D352A</parent-interface-instance-id>
      <applied-interface-style-id>0000000050A1A02C0150A1B5EC5F201C</applied-interface-style-id>
    </interface-instance>
    <interface-instance>
      <id>0000000050A1A02C0150A1C8C4643A5B</id>
      <service-instance-id>0000000050A1A02C0150A1ACC6851325</service-instance-id>
      <interface-id>br.com.qualicorp.redenarede.service.login.login</interface-id>
      <parent-interface-instance-id>0000000050A1A02C0150A1C87F5C3A15</parent-interface-instance-id>
    </interface-instance>
    <interface-instance>
      <id>0000000050A1A02C0150A1C8C46A3A5C</id>
      <interface-id>lumis.service.portalmanagement.serviceinterfaceinstance.interfaceHolder</interface-id>
      <parent-interface-instance-id>0000000050A1A02C0150A1C7E492353F</parent-interface-instance-id>
      <holder-priority>3</holder-priority>
    </interface-instance>
    <interface-instance>
      <id>0000000050A1A02C0150A1C8C46E3A5D</id>
      <interface-id>lumis.service.portalmanagement.serviceinterfaceinstance.interfaceHolder</interface-id>
      <parent-interface-instance-id>0000000050A1A02C0150A1C7D5883539</parent-interface-instance-id>
      <holder-priority>2</holder-priority>
    </interface-instance>
    <interface-instance>
      <id>0000000050A1A02C0150A1C8C4733A5E</id>
      <interface-id>lumis.service.portalmanagement.serviceinterfaceinstance.interfaceHolder</interface-id>
      <parent-interface-instance-id>0000000050A1A02C0150A1ACC81213A2</parent-interface-instance-id>
      <holder-priority>1</holder-priority>
    </interface-instance>
    <interface-instance>
      <id>0000000050A1A02C0150A1C906833B1A</id>
      <service-instance-id>0000000050A1A02C0150A1ACC6851335</service-instance-id>
      <interface-id>lumis.service.navigation.list</interface-id>
      <applied-interface-style-id>0000000050A1A02C0150A1CA4AB63E14</applied-interface-style-id>
    </interface-instance>
    <interface-instance>
      <id>0000000050A1A02C0150A1C90FCC3B22</id>
      <service-instance-id>0000000050A1A02C0150A1ACC6851334</service-instance-id>
      <interface-id>br.com.qualicorp.redenarede.service.useraccount.addbeneficiario</interface-id>
    </interface-instance>
  </interface-instances>
</page>