<?xml version="1.0" encoding="UTF-8"?>
<page version="7.0">
  <id>0000000050A1A02C0150A1ACC6851337</id>
  <name>Prestador</name>
  <parent-template-id>0000000050A1A02C0150A1ACC6861343</parent-template-id>
  <position>2</position>
  <layout-type>LAYOUT_FILE</layout-type>
  <layout-file>deslogado-internas-2-colunas.html</layout-file>
  <layout><![CDATA[<layout>
    <holder id="menu">
        <interface id="0000000050A1A02C0150A1C8C5573A77"></interface>
    </holder>
    <holder id="busca">
        <interface id="0000000050A1A02C0150A1C8C5633A79"></interface>
    </holder>
    <holder id="login">
        <interface id="0000000050A1A02C0150A1C8C56B3A7B"></interface>
    </holder>
    <holder id="menu-secundario">
        <interface id="8A489E1F50AE95AA0150AFA0070530EF"></interface>
        <interface id="0000000050A1A02C0150A1C8C5713A7C"></interface>
    </holder>
    <holder id="conteudo">
        <interface id="0000000050A1A02C0150A200BE096D60"></interface>
        <interface id="0000000050A1A02C0150A1C8C5773A7E"></interface>
    </holder>
    <holder id="WITHOUT_HOLDER_ID">
        <interface id="0000000050A1A02C0150A1C8C57C3A80"></interface>
    </holder>
</layout>]]></layout>
  <interface-instances>
    <interface-instance>
      <id>0000000050A1A02C0150A1C8C5573A77</id>
      <service-instance-id>0000000050A1A02C0150A1AF436118B2</service-instance-id>
      <interface-id>lumis.service.hierarchicalcontent.contentMenu</interface-id>
      <parent-interface-instance-id>0000000050A1A02C0150A1C73C0A3521</parent-interface-instance-id>
      <applied-interface-style-id>0000000050A1A02C0150A1B7B73322FA</applied-interface-style-id>
    </interface-instance>
    <interface-instance>
      <id>0000000050A1A02C0150A1C8C5633A79</id>
      <service-instance-id>0000000050A1A02C0150A1ACC6851326</service-instance-id>
      <interface-id>lumis.service.search.search</interface-id>
      <parent-interface-instance-id>0000000050A1A02C0150A1C75B1D352A</parent-interface-instance-id>
      <applied-interface-style-id>0000000050A1A02C0150A1B5EC5F201C</applied-interface-style-id>
    </interface-instance>
    <interface-instance>
      <id>0000000050A1A02C0150A1C8C56B3A7B</id>
      <service-instance-id>0000000050A1A02C0150A1ACC6851325</service-instance-id>
      <interface-id>br.com.qualicorp.redenarede.service.login.login</interface-id>
      <parent-interface-instance-id>0000000050A1A02C0150A1C87F5C3A15</parent-interface-instance-id>
    </interface-instance>
    <interface-instance>
      <id>0000000050A1A02C0150A1C8C5713A7C</id>
      <interface-id>lumis.service.portalmanagement.serviceinterfaceinstance.interfaceHolder</interface-id>
      <parent-interface-instance-id>0000000050A1A02C0150A1C7E492353F</parent-interface-instance-id>
      <holder-priority>3</holder-priority>
    </interface-instance>
    <interface-instance>
      <id>0000000050A1A02C0150A1C8C5773A7E</id>
      <interface-id>lumis.service.portalmanagement.serviceinterfaceinstance.interfaceHolder</interface-id>
      <parent-interface-instance-id>0000000050A1A02C0150A1C7D5883539</parent-interface-instance-id>
      <holder-priority>2</holder-priority>
    </interface-instance>
    <interface-instance>
      <id>0000000050A1A02C0150A1C8C57C3A80</id>
      <interface-id>lumis.service.portalmanagement.serviceinterfaceinstance.interfaceHolder</interface-id>
      <parent-interface-instance-id>0000000050A1A02C0150A1ACC81213A2</parent-interface-instance-id>
      <holder-priority>1</holder-priority>
    </interface-instance>
    <interface-instance>
      <id>0000000050A1A02C0150A200BE096D60</id>
      <service-instance-id>0000000050A1A02C0150A1ACC6851334</service-instance-id>
      <interface-id>br.com.qualicorp.redenarede.service.useraccount.addprestador</interface-id>
    </interface-instance>
    <interface-instance>
      <id>8A489E1F50AE95AA0150AFA0070530EF</id>
      <service-instance-id>0000000050A1A02C0150A1ACC6851335</service-instance-id>
      <interface-id>lumis.service.navigation.list</interface-id>
      <applied-interface-style-id>0000000050A1A02C0150A1CA4AB63E14</applied-interface-style-id>
    </interface-instance>
  </interface-instances>
</page>