<?xml version="1.0" encoding="UTF-8"?>
<service-instance version="7.0">
  <id>0000000050A1A02C0150A1ACC6851334</id>
  <name>Rede na Rede - Cadastro de Usuários</name>
  <description>Serviço que gerencia o cadastro de usuários</description>
  <service-id>br.com.qualicorp.redenarede.service.useraccount</service-id>
  <access-control-list>
    <entries>
      <entry principal-id="00000000C00000000000000000000001">
        <allow-permissions>4</allow-permissions>
      </entry>
    </entries>
  </access-control-list>
</service-instance>