<?xml version="1.0" encoding="UTF-8"?>
<page version="7.0">
  <id>0000000050A1A02C0150A1ACC686133E</id>
  <name>Detalhes</name>
  <parent-template-id>0000000050A1A02C0150A1ACC6861342</parent-template-id>
  <hidden>true</hidden>
  <position>2</position>
  <layout-type>LAYOUT_FILE</layout-type>
  <layout-file>deslogado-internas.html</layout-file>
  <layout><![CDATA[<layout><holder id="menu"><interface id="0000000050A1A02C0150A1C0CED9292B"/></holder><holder id="busca"><interface id="0000000050A1A02C0150A1C0CEDF292D"/></holder><holder id="login"><interface id="0000000050A1A02C0150A1C0CEE3292F"/></holder><holder id="conteudo"><interface id="0000000050A1A02C0150A1C53D693228"/><interface id="0000000050C9BD630150C9C72CC903B9"/><interface id="0000000050A1A02C0150A1C0CEEB2931"/></holder></layout>]]></layout>
  <interface-instances>
    <interface-instance>
      <id>0000000050A1A02C0150A1C0CED9292B</id>
      <service-instance-id>0000000050A1A02C0150A1AF436118B2</service-instance-id>
      <interface-id>lumis.service.hierarchicalcontent.contentMenu</interface-id>
      <parent-interface-instance-id>0000000050A1A02C0150A1AF938818E2</parent-interface-instance-id>
      <applied-interface-style-id>0000000050A1A02C0150A1B7B73322FA</applied-interface-style-id>
    </interface-instance>
    <interface-instance>
      <id>0000000050A1A02C0150A1C0CEDF292D</id>
      <service-instance-id>0000000050A1A02C0150A1ACC6851326</service-instance-id>
      <interface-id>lumis.service.search.search</interface-id>
      <parent-interface-instance-id>0000000050A1A02C0150A1AFB58618EB</parent-interface-instance-id>
      <applied-interface-style-id>0000000050A1A02C0150A1B5EC5F201C</applied-interface-style-id>
    </interface-instance>
    <interface-instance>
      <id>0000000050A1A02C0150A1C0CEE3292F</id>
      <service-instance-id>0000000050A1A02C0150A1ACC6851325</service-instance-id>
      <interface-id>br.com.qualicorp.redenarede.service.login.login</interface-id>
      <parent-interface-instance-id>0000000050A1A02C0150A1BA4918288A</parent-interface-instance-id>
    </interface-instance>
    <interface-instance>
      <id>0000000050A1A02C0150A1C0CEEB2931</id>
      <interface-id>lumis.service.portalmanagement.serviceinterfaceinstance.interfaceHolder</interface-id>
      <parent-interface-instance-id>0000000050A1A02C0150A1AF6EA518D7</parent-interface-instance-id>
      <holder-priority>2</holder-priority>
    </interface-instance>
    <interface-instance>
      <id>0000000050A1A02C0150A1C53D693228</id>
      <service-instance-id>0000000050A1A02C0150A1ACC686133C</service-instance-id>
      <interface-id>lumis.service.news.details</interface-id>
      <applied-interface-style-id>0000000050A1A02C0150A1C5E654325A</applied-interface-style-id>
    </interface-instance>
    <interface-instance>
      <id>0000000050C9BD630150C9C72CC903B9</id>
      <service-instance-id>0000000050A1A02C0150A1ACC686133C</service-instance-id>
      <interface-id>lumis.service.news.quicklist</interface-id>
      <applied-interface-style-id>0000000050C9BD630150C9C9F2070764</applied-interface-style-id>
      <custom-properties>
        <custom-property name="default.doui_filters"><![CDATA[<filters><filter filterType="basic" id="isHighlight" fieldId="highlight" operator="equal" defaultValue="true" hidden="true"/></filters>]]></custom-property>
        <custom-property name="default.doui_maxRows"><![CDATA[2]]></custom-property>
      </custom-properties>
    </interface-instance>
  </interface-instances>
</page>