<?xml version="1.0" encoding="UTF-8"?>
<!-- $Revision: 16176 $ $Date: 2014-03-11 23:09:21 -0300 (Tue, 11 Mar 2014) $ -->
<doui:douiDefinition xmlns:xsi="http://www.w3.org/2001/XMLSchema-instance" xmlns:doui="http://www.lumis.com.br/lumisportal/xsd/doui"  xmlns:control="http://www.lumis.com.br/douicontrols">
	<service>
		<sources>
			<source id="default" type="contentTable">
				<table>qc_businesscontact</table>
				<fields>
					<field id="id" name="id" dataType="guid" required="true" isPrimaryKey="true" display="false" />
					<field id="nome" name="Nome" dataType="string" required="true" isPrimaryName="true" />
					<field id="email" name="Email" dataType="string" required="true" isIntroduction="true" />
					<field id="telefone" name="Telefone" dataType="string" required="true" />
					<field id="perfil" name="perfil" dataType="string" required="true">
						<options>
							<option value="1">Prestador</option>
							<option value="2">Beneficiário</option>
						</options>
					</field>
					<field id="motivo_contato" name="Motivo do Contato." dataType="string">
						<options>
							<option value="1">Elogio</option>
							<option value="2">Sugestão</option>
							<option value="3">Crítica</option>
							<option value="4">Dúvida</option>
							<option value="5">Outros</option>
						</options>
					</field>
					<field id="mensagem" name="Mensagem" dataType="text" required="true" />
				</fields>
			</source>
		</sources>
	</service>
	
	<interfaces>
		<interface id="administration">
			<sources>
				<source id="default">
					<fields inherit="default">
						<field id="nome" />
						<field id="email" />
						<field id="telefone" />
						<field id="perfil" />
						<field id="motivo_contato" />
						<field id="mensagem" />
					</fields>
					<filters>
						<filter id="perfil" doLookup="true" showItems="referenced" />
						<filter id="motivo_contato" doLookup="true" showItems="referenced" />
					</filters>
				</source>
			</sources>
			<controls>
				<control:lum_form>
					<control:lum_interfaceHeader />
				</control:lum_form>
			</controls>
		</interface>
		
		<interface id="addembedded">
			<processActions>
				<processAction id="commit" type="contentTableAddData" />
				<processAction id="commit" className="br.com.qualicorp.redenarede.service.businesscontact.processaction.SendEmailProcessActionHandler" />
			</processActions>
		</interface>
	</interfaces>
	
</doui:douiDefinition>