<?xml version="1.0" encoding="UTF-8"?>
<!-- $Revision: 14996 $ $Date: 2012-11-23 09:52:18 -0200 (Fri, 23 Nov 2012) $ -->
<doui:douiDefinition xmlns:xsi="http://www.w3.org/2001/XMLSchema-instance" xmlns:doui="http://www.lumis.com.br/lumisportal/xsd/doui" xmlns:control="http://www.lumis.com.br/douicontrols">
	<service>
		<sources>
			<source id="default" type="table">
				<table>lum_User</table>
				<fields>
					<field id="userId" display="false" name="STR_ID" dataType="string" isPrimaryKey="true"/>
					<field id="login" name="STR_LOGIN" dataType="string" required="true"/>
					<field id="email" name="STR_EMAIL" dataType="string" required="true"/>
					<field id="password" name="STR_PASSWORD" dataType="string"/>
				</fields>
			</source>
		</sources>
	</service>
	<restInterfaces >
		<restInterface id="" ></restInterface>
	</restInterfaces>
	<interfaces> 
		<interface id="login">
			<sources>
				<source id="default" readData="never"/>
			</sources>
			<controls>
				<control:lum_form onEnterProcessActionId="submitLogin">
					<control:lum_div>
						<control:lum_autoLayoutFields>
							<field id="login">
							</field>
							<field id="password">
								<value>
									<control:lum_password id="password"/>
								</value>
							</field>
						</control:lum_autoLayoutFields>
						<control:lum_link id="esqueciSenhaBeneficiario">
							<hyperLink interfaceId="esqueciSenhaBeneficiario"></hyperLink>
						</control:lum_link>
						<control:lum_button id="submitLogin" text="STR_SUBMIT">
							<onClick type="processAction" processActionId="submitLogin"/>
						</control:lum_button>
					</control:lum_div>
				</control:lum_form>
			</controls>
			<processActions>
				<processAction id="submitLogin" actionType="lum_actionLogin" className="br.com.qualicorp.redenarede.service.login.processaction.LoginProcessActionHandler" />
			</processActions>
		</interface>
		
		<interface id="logout">
			<controls>
				<control:lum_form>
						<control:lum_button id="submitLogout" text="STR_LOGOUT_ACTION">
							<onClick type="processAction" processActionId="submitLogout"/>
						</control:lum_button>
				</control:lum_form>
			</controls>
			<processActions>
				<processAction id="submitLogout" actionType="lum_actionLogout" className="br.com.qualicorp.redenarede.service.login.processaction.LoginProcessActionHandler" />
			</processActions>
		</interface>
		
		<interface id="esqueciSenhaBeneficiario">
			<sources>
				<source id="default" readData="never">
					<fields>
					 	<field id="cpf" externalData="true" required="true"/>
						 <field id="email"  required="true"/>
					</fields>
				</source>
			</sources>
			<processActions>
				<processAction id="commit" actionType="esqueciSenhaBeneficiario" className="br.com.qualicorp.redenarede.service.login.processaction.EsqueciSenhaProcessActionHandler" />
			</processActions>
		</interface>
		
		<interface id="esqueciSenhaPrestador">
			<sources>
				<source id="default" readData="never">
					<fields>
					 	<field id="cpf_cnpj" externalData="true" required="true"/>
						<field id="email"  required="true"/>
					</fields>
				</source>
			</sources>
			<processActions>
				<processAction id="commit" actionType="esqueciSenhaPrestador" className="br.com.qualicorp.redenarede.service.login.processaction.EsqueciSenhaProcessActionHandler" />
			</processActions>
		</interface>
		
		
		<interface id="alterarSenhaBeneficiario">
			<sources>
				<source id="default" readData="never">
					<fields>
					 	<field id="login"  				required="true"/>
						<field id="password"  			required="true"/>
						<field id="newPassword"  		required="true" 	externalData="true"/>
						<field id="confirmNewPassword"  required="true" 	externalData="true"/>
					</fields>
				</source>
			</sources>
			<processActions>
				<processAction id="commit" actionType="alterarSenhaBeneficiario" className="br.com.qualicorp.redenarede.service.login.processaction.AlterarSenhaProcessActionHandler" />
			</processActions>
		</interface>
		
			<interface id="alterarSenhaPrestador">
			<sources>
				<source id="default" readData="never">
					<fields>
					 	<field id="email"  				required="true"/>
						<field id="password"  			required="true"/>
						<field id="newPassword"  		required="true" 	externalData="true"/>
						<field id="confirmNewPassword"  required="true" 	externalData="true"/>
					</fields>
				</source>
			</sources>
			<processActions>
				<processAction id="commit" actionType="alterarSenhaPrestador" className="br.com.qualicorp.redenarede.service.login.processaction.AlterarSenhaProcessActionHandler" />
			</processActions>
		</interface>
		
		
		<interface id="beneficiario">
			<sources/>
			<controls>
				<control:lum_link>
					<hyperLink  interfaceId="homeBeneficiario"/>
				</control:lum_link>
			</controls>
		</interface>
		
		<interface id="prestador">
			<sources/>
			<controls>
				<control:lum_link>
					<hyperLink  interfaceId="homePrestador"/>
				</control:lum_link>
			</controls>
		</interface>
	</interfaces>
</doui:douiDefinition>