<?xml version="1.0" encoding="UTF-8"?>
<page version="7.0">
  <id>0000000050A1A02C0150A1ACC6851332</id>
  <name>Prestador</name>
  <parent-template-id>0000000050A1A02C0150A1ACC6861343</parent-template-id>
  <position>2</position>
  <layout-type>LAYOUT_FILE</layout-type>
  <layout-file>deslogado-internas-2-colunas.html</layout-file>
  <layout><![CDATA[<layout>
    <holder id="menu">
        <interface id="0000000050A1A02C0150A1C8C7243ACE"></interface>
    </holder>
    <holder id="busca">
        <interface id="0000000050A1A02C0150A1C8C72A3ACF"></interface>
    </holder>
    <holder id="login">
        <interface id="0000000050A1A02C0150A1C8C72F3AD1"></interface>
    </holder>
    <holder id="menu-secundario">
        <interface id="8A489E1F50AE95AA0150B89A70D31A3C"></interface>
        <interface id="0000000050A1A02C0150A1C8C7343AD3"></interface>
    </holder>
    <holder id="conteudo">
        <interface id="8A489E1F50AE95AA0150B3D6FACC6F39"></interface>
        <interface id="0000000050A1A02C0150A1C8C7383AD4"></interface>
    </holder>
    <holder id="WITHOUT_HOLDER_ID">
        <interface id="0000000050A1A02C0150A1C8C73D3AD6"></interface>
    </holder>
</layout>]]></layout>
  <interface-instances>
    <interface-instance>
      <id>0000000050A1A02C0150A1C8C7243ACE</id>
      <service-instance-id>0000000050A1A02C0150A1AF436118B2</service-instance-id>
      <interface-id>lumis.service.hierarchicalcontent.contentMenu</interface-id>
      <parent-interface-instance-id>0000000050A1A02C0150A1C73C0A3521</parent-interface-instance-id>
      <applied-interface-style-id>0000000050A1A02C0150A1B7B73322FA</applied-interface-style-id>
    </interface-instance>
    <interface-instance>
      <id>0000000050A1A02C0150A1C8C72A3ACF</id>
      <service-instance-id>0000000050A1A02C0150A1ACC6851326</service-instance-id>
      <interface-id>lumis.service.search.search</interface-id>
      <parent-interface-instance-id>0000000050A1A02C0150A1C75B1D352A</parent-interface-instance-id>
      <applied-interface-style-id>0000000050A1A02C0150A1B5EC5F201C</applied-interface-style-id>
    </interface-instance>
    <interface-instance>
      <id>0000000050A1A02C0150A1C8C72F3AD1</id>
      <service-instance-id>0000000050A1A02C0150A1ACC6851325</service-instance-id>
      <interface-id>br.com.qualicorp.redenarede.service.login.login</interface-id>
      <parent-interface-instance-id>0000000050A1A02C0150A1C87F5C3A15</parent-interface-instance-id>
    </interface-instance>
    <interface-instance>
      <id>0000000050A1A02C0150A1C8C7343AD3</id>
      <interface-id>lumis.service.portalmanagement.serviceinterfaceinstance.interfaceHolder</interface-id>
      <parent-interface-instance-id>0000000050A1A02C0150A1C7E492353F</parent-interface-instance-id>
      <holder-priority>3</holder-priority>
    </interface-instance>
    <interface-instance>
      <id>0000000050A1A02C0150A1C8C7383AD4</id>
      <interface-id>lumis.service.portalmanagement.serviceinterfaceinstance.interfaceHolder</interface-id>
      <parent-interface-instance-id>0000000050A1A02C0150A1C7D5883539</parent-interface-instance-id>
      <holder-priority>2</holder-priority>
    </interface-instance>
    <interface-instance>
      <id>0000000050A1A02C0150A1C8C73D3AD6</id>
      <interface-id>lumis.service.portalmanagement.serviceinterfaceinstance.interfaceHolder</interface-id>
      <parent-interface-instance-id>0000000050A1A02C0150A1ACC81213A2</parent-interface-instance-id>
      <holder-priority>1</holder-priority>
    </interface-instance>
    <interface-instance>
      <id>8A489E1F50AE95AA0150B3D6FACC6F39</id>
      <service-instance-id>0000000050A1A02C0150A1ACC6851325</service-instance-id>
      <interface-id>br.com.qualicorp.redenarede.service.login.esqueciSenhaPrestador</interface-id>
    </interface-instance>
    <interface-instance>
      <id>8A489E1F50AE95AA0150B89A70D31A3C</id>
      <service-instance-id>0000000050A1A02C0150A1ACC6851330</service-instance-id>
      <interface-id>lumis.service.navigation.list</interface-id>
      <applied-interface-style-id>8A489E1F50AE95AA0150B89C2A7F1A8E</applied-interface-style-id>
    </interface-instance>
  </interface-instances>
</page>