<?xml version="1.0" encoding="UTF-8" standalone="yes"?>
<!-- $Revision: 16445 $ $Date: 2014-09-18 18:21:12 -0300 (Thu, 18 Sep 2014) $ -->
<databaseDefinition xmlns:xsi="http://www.w3.org/2001/XMLSchema-instance" xsi:noNamespaceSchemaLocation="http://www.lumis.com.br/lumisportal/xsd/databasedefinition.xsd">
	
	<table name="QC_OAUTH">
		<fields>
			<field name="refresh_token" type="string" 		isNotNull="true"/>
			<field name="user_id" 		type="string" 		isNotNull="true" />
			<field name="system" 		type="string" 		isNotNull="true" />
		</fields>
		<constraints>
			<constraint name="QC_OAUTH_PK" type="primaryKey">
				<fields>
					<field name="refresh_token"/>
				</fields>
			</constraint>
		</constraints>
	</table>
	
</databaseDefinition>